date,path,title,count,uniques
2022-08-10,/awang-karisma/awang-karisma.github.io,awang-karisma/awang-karisma.github.io,6,3
2022-08-10,/awang-karisma/awang-karisma.github.io/blob/main/index.html,awang-karisma.github.io/index.html at main · awang-karisma/awang-karisma.gith...,2,2
2022-08-10,/awang-karisma/blog/blob/main/CNAME,blog/CNAME at main · awang-karisma/blog · GitHub,2,1
2022-08-10,/awang-karisma/blog,GitHub - awang-karisma/blog,1,1
2022-08-10,/awang-karisma/blog/blob/main/.nojekyll,blog/.nojekyll at main · awang-karisma/blog · GitHub,1,1
2022-08-10,/awang-karisma/github-stats,GitHub - awang-karisma/github-stats,3,3
2022-08-10,/awang-karisma/proyek-html-tim-proa-golang,awang-karisma/proyek-html-tim-proa-golang,42,8
2022-08-10,/awang-karisma/proyek-html-tim-proa-golang/blob/main/profile.ardi.html,proyek-html-tim-proa-golang/profile.ardi.html at main · awang-karisma/proyek-...,11,3
2022-08-10,/awang-karisma/proyek-html-tim-proa-golang/blob/main/index.html,proyek-html-tim-proa-golang/index.html at main · awang-karisma/proyek-html-ti...,7,3
2022-08-10,/awang-karisma/proyek-html-tim-proa-golang/pulls,Pull requests · awang-karisma/proyek-html-tim-proa-golang,4,3
2022-08-10,/awang-karisma/proyek-html-tim-proa-golang/fork,Fork awang-karisma/proyek-html-tim-proa-golang,4,2
2022-08-10,/awang-karisma/proyek-html-tim-proa-golang/blob/main/profile.dian.html,proyek-html-tim-proa-golang/profile.dian.html at main · awang-karisma/proyek-...,4,1
2022-08-10,/awang-karisma/proyek-html-tim-proa-golang/branches,Branches · awang-karisma/proyek-html-tim-proa-golang,3,3
2022-08-10,/awang-karisma/proyek-html-tim-proa-golang/blob/main/profile.dony.html,proyek-html-tim-proa-golang/profile.dony.html at main · awang-karisma/proyek-...,3,2
2022-08-10,/awang-karisma/proyek-html-tim-proa-golang/compare/main...pakdedony:proyek-html-tim-proa-golang:main,Comparing awang-karisma:main...pakdedony:main · awang-karisma/proyek-html-tim...,3,1
2022-08-10,/awang-karisma/proyek-html-tim-proa-golang/blob/main/profile.awang.html,proyek-html-tim-proa-golang/profile.awang.html at main · awang-karisma/proyek...,2,2
2022-08-10,/awang-karisma/simpletask-backend,awang-karisma/simpletask-backend,5,1
2022-08-10,/awang-karisma/simpletask-backend/blob/main/app.go,simpletask-backend/app.go at main · awang-karisma/simpletask-backend,2,1
2022-08-10,/awang-karisma/simpletask-backend/blob/main/handlers/task.go,simpletask-backend/task.go at main · awang-karisma/simpletask-backend,2,1
2022-08-10,/awang-karisma/simpletask-backend/blob/main/models/task.go,simpletask-backend/task.go at main · awang-karisma/simpletask-backend,2,1
2022-08-10,/awang-karisma/simpletask-backend/tree/main/handlers,simpletask-backend/handlers at main · awang-karisma/simpletask-backend,2,1
2022-08-10,/awang-karisma/simpletask-backend/tree/main/models,simpletask-backend/models at main · awang-karisma/simpletask-backend,2,1
2022-08-10,/awang-karisma/simpletask-backend/blob/main/public/index.html,simpletask-backend/index.html at main · awang-karisma/simpletask-backend,1,1
2022-08-10,/awang-karisma/simpletask-backend/tree/main/public,simpletask-backend/public at main · awang-karisma/simpletask-backend,1,1
2022-08-10,/awang-karisma/simpletask-frontend,awang-karisma/simpletask-frontend,8,2
2022-08-10,/awang-karisma/simpletask-frontend/tree/gh-pages,awang-karisma/simpletask-frontend at gh-pages,4,1
2022-08-10,/awang-karisma/simpletask-frontend/actions/runs/2812181324/workflow,Create main.yml · awang-karisma/simpletask-frontend@4dc2df7,3,1
2022-08-10,/awang-karisma/simpletask-frontend/new/main,New File,3,1
2022-08-10,/awang-karisma/simpletask-frontend/blob/main/.github/workflows/main.yml,simpletask-frontend/main.yml at main · awang-karisma/simpletask-frontend,2,2
2022-08-10,/awang-karisma/simpletask-frontend/tree/main/.github/workflows,simpletask-frontend/.github/workflows at main · awang-karisma/simpletask-fron...,2,2
2022-08-10,/awang-karisma/simpletask-frontend/actions,Actions · awang-karisma/simpletask-frontend,2,1
2022-08-10,/awang-karisma/simpletask-frontend/actions/workflows/main.yml,Actions · awang-karisma/simpletask-frontend,2,1
2022-08-10,/awang-karisma/simpletask-frontend/tree/gh-pages/client,simpletask-frontend/client at gh-pages · awang-karisma/simpletask-frontend,2,1
2022-08-10,/awang-karisma/simpletask-frontend/tree/main/src/routes,simpletask-frontend/src/routes at main · awang-karisma/simpletask-frontend,2,1
