repository_name,date,path,title,views,unique
awang-karisma.github.io,2022-08-02,,awang-karisma/awang-karisma.github.io,4,1
awang-karisma.github.io,2022-08-03,,awang-karisma/awang-karisma.github.io,4,1
awang-karisma.github.io,2022-08-04,,awang-karisma/awang-karisma.github.io,5,2
awang-karisma.github.io,2022-08-04,blob/main/index.html,awang-karisma.github.io/index.html at main · awang-karisma/awang-karisma.gith...,1,1
awang-karisma.github.io,2022-08-05,,awang-karisma/awang-karisma.github.io,5,2
awang-karisma.github.io,2022-08-05,blob/main/index.html,awang-karisma.github.io/index.html at main · awang-karisma/awang-karisma.gith...,1,1
awang-karisma.github.io,2022-08-06,,awang-karisma/awang-karisma.github.io,5,2
awang-karisma.github.io,2022-08-06,blob/main/index.html,awang-karisma.github.io/index.html at main · awang-karisma/awang-karisma.gith...,1,1
awang-karisma.github.io,2022-08-07,,awang-karisma/awang-karisma.github.io,5,2
awang-karisma.github.io,2022-08-07,blob/main/index.html,awang-karisma.github.io/index.html at main · awang-karisma/awang-karisma.gith...,1,1
awang-karisma.github.io,2022-08-08,,awang-karisma/awang-karisma.github.io,5,2
awang-karisma.github.io,2022-08-08,blob/main/index.html,awang-karisma.github.io/index.html at main · awang-karisma/awang-karisma.gith...,1,1
awang-karisma.github.io,2022-08-09,,awang-karisma/awang-karisma.github.io,6,3
awang-karisma.github.io,2022-08-09,blob/main/index.html,awang-karisma.github.io/index.html at main · awang-karisma/awang-karisma.gith...,2,2
awang-karisma.github.io,2022-08-10,,awang-karisma/awang-karisma.github.io,6,3
awang-karisma.github.io,2022-08-10,blob/main/index.html,awang-karisma.github.io/index.html at main · awang-karisma/awang-karisma.gith...,2,2
awang-karisma.github.io,2022-08-11,,awang-karisma/awang-karisma.github.io,6,3
awang-karisma.github.io,2022-08-11,blob/main/index.html,awang-karisma.github.io/index.html at main · awang-karisma/awang-karisma.gith...,2,2
awang-karisma.github.io,2022-08-12,,awang-karisma/awang-karisma.github.io,4,3
awang-karisma.github.io,2022-08-12,blob/main/index.html,awang-karisma.github.io/index.html at main · awang-karisma/awang-karisma.gith...,2,2
awang-karisma.github.io,2022-08-13,,awang-karisma/awang-karisma.github.io,5,4
awang-karisma.github.io,2022-08-13,blob/main/index.html,awang-karisma.github.io/index.html at main · awang-karisma/awang-karisma.gith...,2,2
awang-karisma.github.io,2022-08-14,,awang-karisma/awang-karisma.github.io,5,4
awang-karisma.github.io,2022-08-14,blob/main/index.html,awang-karisma.github.io/index.html at main · awang-karisma/awang-karisma.gith...,2,2
awang-karisma.github.io,2022-08-15,,awang-karisma/awang-karisma.github.io,5,4
awang-karisma.github.io,2022-08-15,blob/main/index.html,awang-karisma.github.io/index.html at main · awang-karisma/awang-karisma.gith...,2,2
awang-karisma.github.io,2022-08-16,,awang-karisma/awang-karisma.github.io,5,4
awang-karisma.github.io,2022-08-16,blob/main/index.html,awang-karisma.github.io/index.html at main · awang-karisma/awang-karisma.gith...,2,2
awang-karisma.github.io,2022-08-17,,awang-karisma/awang-karisma.github.io,4,3
awang-karisma.github.io,2022-08-17,blob/main/index.html,awang-karisma.github.io/index.html at main · awang-karisma/awang-karisma.gith...,1,1
awang-karisma.github.io,2022-08-18,,awang-karisma/awang-karisma.github.io,4,3
awang-karisma.github.io,2022-08-18,blob/main/index.html,awang-karisma.github.io/index.html at main · awang-karisma/awang-karisma.gith...,1,1
blog,2022-08-05,,GitHub - awang-karisma/blog,1,1
blog,2022-08-05,blob/main/.nojekyll,blog/.nojekyll at main · awang-karisma/blog · GitHub,1,1
blog,2022-08-05,blob/main/CNAME,blog/CNAME at main · awang-karisma/blog · GitHub,2,1
blog,2022-08-06,,GitHub - awang-karisma/blog,1,1
blog,2022-08-06,blob/main/.nojekyll,blog/.nojekyll at main · awang-karisma/blog · GitHub,1,1
blog,2022-08-06,blob/main/CNAME,blog/CNAME at main · awang-karisma/blog · GitHub,2,1
blog,2022-08-07,,GitHub - awang-karisma/blog,1,1
blog,2022-08-07,blob/main/.nojekyll,blog/.nojekyll at main · awang-karisma/blog · GitHub,1,1
blog,2022-08-07,blob/main/CNAME,blog/CNAME at main · awang-karisma/blog · GitHub,2,1
blog,2022-08-08,,GitHub - awang-karisma/blog,1,1
blog,2022-08-08,blob/main/.nojekyll,blog/.nojekyll at main · awang-karisma/blog · GitHub,1,1
blog,2022-08-08,blob/main/CNAME,blog/CNAME at main · awang-karisma/blog · GitHub,2,1
blog,2022-08-09,,GitHub - awang-karisma/blog,1,1
blog,2022-08-09,blob/main/.nojekyll,blog/.nojekyll at main · awang-karisma/blog · GitHub,1,1
blog,2022-08-09,blob/main/CNAME,blog/CNAME at main · awang-karisma/blog · GitHub,2,1
blog,2022-08-10,,GitHub - awang-karisma/blog,1,1
blog,2022-08-10,blob/main/.nojekyll,blog/.nojekyll at main · awang-karisma/blog · GitHub,1,1
blog,2022-08-10,blob/main/CNAME,blog/CNAME at main · awang-karisma/blog · GitHub,2,1
blog,2022-08-11,,GitHub - awang-karisma/blog,1,1
blog,2022-08-11,blob/main/.nojekyll,blog/.nojekyll at main · awang-karisma/blog · GitHub,1,1
blog,2022-08-11,blob/main/CNAME,blog/CNAME at main · awang-karisma/blog · GitHub,2,1
blog,2022-08-12,,GitHub - awang-karisma/blog,1,1
blog,2022-08-12,blob/main/.nojekyll,blog/.nojekyll at main · awang-karisma/blog · GitHub,1,1
blog,2022-08-12,blob/main/CNAME,blog/CNAME at main · awang-karisma/blog · GitHub,2,1
blog,2022-08-13,,GitHub - awang-karisma/blog,1,1
blog,2022-08-13,blob/main/.nojekyll,blog/.nojekyll at main · awang-karisma/blog · GitHub,1,1
blog,2022-08-13,blob/main/CNAME,blog/CNAME at main · awang-karisma/blog · GitHub,2,1
blog,2022-08-14,,GitHub - awang-karisma/blog,1,1
blog,2022-08-14,blob/main/.nojekyll,blog/.nojekyll at main · awang-karisma/blog · GitHub,1,1
blog,2022-08-14,blob/main/CNAME,blog/CNAME at main · awang-karisma/blog · GitHub,2,1
blog,2022-08-15,,GitHub - awang-karisma/blog,1,1
blog,2022-08-15,blob/main/.nojekyll,blog/.nojekyll at main · awang-karisma/blog · GitHub,1,1
blog,2022-08-15,blob/main/CNAME,blog/CNAME at main · awang-karisma/blog · GitHub,2,1
blog,2022-08-16,,GitHub - awang-karisma/blog,1,1
blog,2022-08-16,blob/main/.nojekyll,blog/.nojekyll at main · awang-karisma/blog · GitHub,1,1
blog,2022-08-16,blob/main/CNAME,blog/CNAME at main · awang-karisma/blog · GitHub,2,1
blog,2022-08-17,,GitHub - awang-karisma/blog,1,1
blog,2022-08-17,blob/main/.nojekyll,blog/.nojekyll at main · awang-karisma/blog · GitHub,1,1
blog,2022-08-17,blob/main/CNAME,blog/CNAME at main · awang-karisma/blog · GitHub,2,1
github-stats,2022-08-04,,awang-karisma/github-stats,1,1
github-stats,2022-08-05,,GitHub - awang-karisma/github-stats,2,2
github-stats,2022-08-06,,GitHub - awang-karisma/github-stats,2,2
github-stats,2022-08-07,,GitHub - awang-karisma/github-stats,2,2
github-stats,2022-08-08,,GitHub - awang-karisma/github-stats,2,2
github-stats,2022-08-09,,GitHub - awang-karisma/github-stats,3,3
github-stats,2022-08-10,,GitHub - awang-karisma/github-stats,3,3
github-stats,2022-08-11,,GitHub - awang-karisma/github-stats,5,5
github-stats,2022-08-11,tree/main/data,github-stats/data at main · awang-karisma/github-stats,2,2
github-stats,2022-08-12,,GitHub - awang-karisma/github-stats,5,5
github-stats,2022-08-12,tree/main/data,github-stats/data at main · awang-karisma/github-stats,2,2
github-stats,2022-08-13,,GitHub - awang-karisma/github-stats,5,5
github-stats,2022-08-13,tree/main/data,github-stats/data at main · awang-karisma/github-stats,2,2
github-stats,2022-08-14,,GitHub - awang-karisma/github-stats,5,5
github-stats,2022-08-14,tree/main/data,github-stats/data at main · awang-karisma/github-stats,2,2
github-stats,2022-08-15,,GitHub - awang-karisma/github-stats,5,5
github-stats,2022-08-15,tree/main/data,github-stats/data at main · awang-karisma/github-stats,2,2
github-stats,2022-08-16,,GitHub - awang-karisma/github-stats,5,5
github-stats,2022-08-16,tree/main/data,github-stats/data at main · awang-karisma/github-stats,2,2
github-stats,2022-08-17,,GitHub - awang-karisma/github-stats,4,4
github-stats,2022-08-17,tree/main/data,github-stats/data at main · awang-karisma/github-stats,2,2
github-stats,2022-08-18,,awang-karisma/github-stats,3,3
github-stats,2022-08-18,tree/main/data,github-stats/data at main · awang-karisma/github-stats,2,2
miniproject-proa-golang,2022-08-05,,GitHub - awang-karisma/miniproject-proa-golang,1,1
miniproject-proa-golang,2022-08-05,branches,Branches · awang-karisma/miniproject-proa-golang · GitHub,1,1
miniproject-proa-golang,2022-08-06,,GitHub - awang-karisma/miniproject-proa-golang,1,1
miniproject-proa-golang,2022-08-06,branches,Branches · awang-karisma/miniproject-proa-golang · GitHub,1,1
miniproject-proa-golang,2022-08-07,,GitHub - awang-karisma/miniproject-proa-golang,1,1
miniproject-proa-golang,2022-08-07,branches,Branches · awang-karisma/miniproject-proa-golang · GitHub,1,1
proyek-html-tim-proa-golang,2022-08-02,,awang-karisma/proyek-html-tim-proa-golang,40,8
proyek-html-tim-proa-golang,2022-08-02,blob/main/index.html,proyek-html-tim-proa-golang/index.html at main · awang-karisma/proyek-html-ti...,7,3
proyek-html-tim-proa-golang,2022-08-02,blob/main/profile.ardi.html,proyek-html-tim-proa-golang/profile.ardi.html at main · awang-karisma/proyek-...,11,3
proyek-html-tim-proa-golang,2022-08-02,blob/main/profile.awang.html,proyek-html-tim-proa-golang/profile.awang.html at main · awang-karisma/proyek...,2,2
proyek-html-tim-proa-golang,2022-08-02,blob/main/profile.dian.html,proyek-html-tim-proa-golang/profile.dian.html at main · awang-karisma/proyek-...,4,1
proyek-html-tim-proa-golang,2022-08-02,blob/main/profile.dony.html,proyek-html-tim-proa-golang/profile.dony.html at main · awang-karisma/proyek-...,3,2
proyek-html-tim-proa-golang,2022-08-02,branches,Branches · awang-karisma/proyek-html-tim-proa-golang,3,3
proyek-html-tim-proa-golang,2022-08-02,compare/main...pakdedony:proyek-html-tim-proa-golang:main,Comparing awang-karisma:main...pakdedony:main · awang-karisma/proyek-html-tim...,3,1
proyek-html-tim-proa-golang,2022-08-02,fork,Fork awang-karisma/proyek-html-tim-proa-golang,4,2
proyek-html-tim-proa-golang,2022-08-02,pulls,Pull requests · awang-karisma/proyek-html-tim-proa-golang,4,3
proyek-html-tim-proa-golang,2022-08-03,,awang-karisma/proyek-html-tim-proa-golang,41,8
proyek-html-tim-proa-golang,2022-08-03,blob/main/index.html,proyek-html-tim-proa-golang/index.html at main · awang-karisma/proyek-html-ti...,7,3
proyek-html-tim-proa-golang,2022-08-03,blob/main/profile.ardi.html,proyek-html-tim-proa-golang/profile.ardi.html at main · awang-karisma/proyek-...,11,3
proyek-html-tim-proa-golang,2022-08-03,blob/main/profile.awang.html,proyek-html-tim-proa-golang/profile.awang.html at main · awang-karisma/proyek...,2,2
proyek-html-tim-proa-golang,2022-08-03,blob/main/profile.dian.html,proyek-html-tim-proa-golang/profile.dian.html at main · awang-karisma/proyek-...,4,1
proyek-html-tim-proa-golang,2022-08-03,blob/main/profile.dony.html,proyek-html-tim-proa-golang/profile.dony.html at main · awang-karisma/proyek-...,3,2
proyek-html-tim-proa-golang,2022-08-03,branches,Branches · awang-karisma/proyek-html-tim-proa-golang,3,3
proyek-html-tim-proa-golang,2022-08-03,compare/main...pakdedony:proyek-html-tim-proa-golang:main,Comparing awang-karisma:main...pakdedony:main · awang-karisma/proyek-html-tim...,3,1
proyek-html-tim-proa-golang,2022-08-03,fork,Fork awang-karisma/proyek-html-tim-proa-golang,4,2
proyek-html-tim-proa-golang,2022-08-03,pulls,Pull requests · awang-karisma/proyek-html-tim-proa-golang,4,3
proyek-html-tim-proa-golang,2022-08-04,,awang-karisma/proyek-html-tim-proa-golang,41,8
proyek-html-tim-proa-golang,2022-08-04,blob/main/index.html,proyek-html-tim-proa-golang/index.html at main · awang-karisma/proyek-html-ti...,7,3
proyek-html-tim-proa-golang,2022-08-04,blob/main/profile.ardi.html,proyek-html-tim-proa-golang/profile.ardi.html at main · awang-karisma/proyek-...,11,3
proyek-html-tim-proa-golang,2022-08-04,blob/main/profile.awang.html,proyek-html-tim-proa-golang/profile.awang.html at main · awang-karisma/proyek...,2,2
proyek-html-tim-proa-golang,2022-08-04,blob/main/profile.dian.html,proyek-html-tim-proa-golang/profile.dian.html at main · awang-karisma/proyek-...,4,1
proyek-html-tim-proa-golang,2022-08-04,blob/main/profile.dony.html,proyek-html-tim-proa-golang/profile.dony.html at main · awang-karisma/proyek-...,3,2
proyek-html-tim-proa-golang,2022-08-04,branches,Branches · awang-karisma/proyek-html-tim-proa-golang,3,3
proyek-html-tim-proa-golang,2022-08-04,compare/main...pakdedony:proyek-html-tim-proa-golang:main,Comparing awang-karisma:main...pakdedony:main · awang-karisma/proyek-html-tim...,3,1
proyek-html-tim-proa-golang,2022-08-04,fork,Fork awang-karisma/proyek-html-tim-proa-golang,4,2
proyek-html-tim-proa-golang,2022-08-04,pulls,Pull requests · awang-karisma/proyek-html-tim-proa-golang,4,3
proyek-html-tim-proa-golang,2022-08-05,,awang-karisma/proyek-html-tim-proa-golang,41,8
proyek-html-tim-proa-golang,2022-08-05,blob/main/index.html,proyek-html-tim-proa-golang/index.html at main · awang-karisma/proyek-html-ti...,7,3
proyek-html-tim-proa-golang,2022-08-05,blob/main/profile.ardi.html,proyek-html-tim-proa-golang/profile.ardi.html at main · awang-karisma/proyek-...,11,3
proyek-html-tim-proa-golang,2022-08-05,blob/main/profile.awang.html,proyek-html-tim-proa-golang/profile.awang.html at main · awang-karisma/proyek...,2,2
proyek-html-tim-proa-golang,2022-08-05,blob/main/profile.dian.html,proyek-html-tim-proa-golang/profile.dian.html at main · awang-karisma/proyek-...,4,1
proyek-html-tim-proa-golang,2022-08-05,blob/main/profile.dony.html,proyek-html-tim-proa-golang/profile.dony.html at main · awang-karisma/proyek-...,3,2
proyek-html-tim-proa-golang,2022-08-05,branches,Branches · awang-karisma/proyek-html-tim-proa-golang,3,3
proyek-html-tim-proa-golang,2022-08-05,compare/main...pakdedony:proyek-html-tim-proa-golang:main,Comparing awang-karisma:main...pakdedony:main · awang-karisma/proyek-html-tim...,3,1
proyek-html-tim-proa-golang,2022-08-05,fork,Fork awang-karisma/proyek-html-tim-proa-golang,4,2
proyek-html-tim-proa-golang,2022-08-05,pulls,Pull requests · awang-karisma/proyek-html-tim-proa-golang,4,3
proyek-html-tim-proa-golang,2022-08-06,,awang-karisma/proyek-html-tim-proa-golang,41,8
proyek-html-tim-proa-golang,2022-08-06,blob/main/index.html,proyek-html-tim-proa-golang/index.html at main · awang-karisma/proyek-html-ti...,7,3
proyek-html-tim-proa-golang,2022-08-06,blob/main/profile.ardi.html,proyek-html-tim-proa-golang/profile.ardi.html at main · awang-karisma/proyek-...,11,3
proyek-html-tim-proa-golang,2022-08-06,blob/main/profile.awang.html,proyek-html-tim-proa-golang/profile.awang.html at main · awang-karisma/proyek...,2,2
proyek-html-tim-proa-golang,2022-08-06,blob/main/profile.dian.html,proyek-html-tim-proa-golang/profile.dian.html at main · awang-karisma/proyek-...,4,1
proyek-html-tim-proa-golang,2022-08-06,blob/main/profile.dony.html,proyek-html-tim-proa-golang/profile.dony.html at main · awang-karisma/proyek-...,3,2
proyek-html-tim-proa-golang,2022-08-06,branches,Branches · awang-karisma/proyek-html-tim-proa-golang,3,3
proyek-html-tim-proa-golang,2022-08-06,compare/main...pakdedony:proyek-html-tim-proa-golang:main,Comparing awang-karisma:main...pakdedony:main · awang-karisma/proyek-html-tim...,3,1
proyek-html-tim-proa-golang,2022-08-06,fork,Fork awang-karisma/proyek-html-tim-proa-golang,4,2
proyek-html-tim-proa-golang,2022-08-06,pulls,Pull requests · awang-karisma/proyek-html-tim-proa-golang,4,3
proyek-html-tim-proa-golang,2022-08-07,,awang-karisma/proyek-html-tim-proa-golang,41,8
proyek-html-tim-proa-golang,2022-08-07,blob/main/index.html,proyek-html-tim-proa-golang/index.html at main · awang-karisma/proyek-html-ti...,7,3
proyek-html-tim-proa-golang,2022-08-07,blob/main/profile.ardi.html,proyek-html-tim-proa-golang/profile.ardi.html at main · awang-karisma/proyek-...,11,3
proyek-html-tim-proa-golang,2022-08-07,blob/main/profile.awang.html,proyek-html-tim-proa-golang/profile.awang.html at main · awang-karisma/proyek...,2,2
proyek-html-tim-proa-golang,2022-08-07,blob/main/profile.dian.html,proyek-html-tim-proa-golang/profile.dian.html at main · awang-karisma/proyek-...,4,1
proyek-html-tim-proa-golang,2022-08-07,blob/main/profile.dony.html,proyek-html-tim-proa-golang/profile.dony.html at main · awang-karisma/proyek-...,3,2
proyek-html-tim-proa-golang,2022-08-07,branches,Branches · awang-karisma/proyek-html-tim-proa-golang,3,3
proyek-html-tim-proa-golang,2022-08-07,compare/main...pakdedony:proyek-html-tim-proa-golang:main,Comparing awang-karisma:main...pakdedony:main · awang-karisma/proyek-html-tim...,3,1
proyek-html-tim-proa-golang,2022-08-07,fork,Fork awang-karisma/proyek-html-tim-proa-golang,4,2
proyek-html-tim-proa-golang,2022-08-07,pulls,Pull requests · awang-karisma/proyek-html-tim-proa-golang,4,3
proyek-html-tim-proa-golang,2022-08-08,,awang-karisma/proyek-html-tim-proa-golang,42,8
proyek-html-tim-proa-golang,2022-08-08,blob/main/index.html,proyek-html-tim-proa-golang/index.html at main · awang-karisma/proyek-html-ti...,7,3
proyek-html-tim-proa-golang,2022-08-08,blob/main/profile.ardi.html,proyek-html-tim-proa-golang/profile.ardi.html at main · awang-karisma/proyek-...,11,3
proyek-html-tim-proa-golang,2022-08-08,blob/main/profile.awang.html,proyek-html-tim-proa-golang/profile.awang.html at main · awang-karisma/proyek...,2,2
proyek-html-tim-proa-golang,2022-08-08,blob/main/profile.dian.html,proyek-html-tim-proa-golang/profile.dian.html at main · awang-karisma/proyek-...,4,1
proyek-html-tim-proa-golang,2022-08-08,blob/main/profile.dony.html,proyek-html-tim-proa-golang/profile.dony.html at main · awang-karisma/proyek-...,3,2
proyek-html-tim-proa-golang,2022-08-08,branches,Branches · awang-karisma/proyek-html-tim-proa-golang,3,3
proyek-html-tim-proa-golang,2022-08-08,compare/main...pakdedony:proyek-html-tim-proa-golang:main,Comparing awang-karisma:main...pakdedony:main · awang-karisma/proyek-html-tim...,3,1
proyek-html-tim-proa-golang,2022-08-08,fork,Fork awang-karisma/proyek-html-tim-proa-golang,4,2
proyek-html-tim-proa-golang,2022-08-08,pulls,Pull requests · awang-karisma/proyek-html-tim-proa-golang,4,3
proyek-html-tim-proa-golang,2022-08-09,,awang-karisma/proyek-html-tim-proa-golang,42,8
proyek-html-tim-proa-golang,2022-08-09,blob/main/index.html,proyek-html-tim-proa-golang/index.html at main · awang-karisma/proyek-html-ti...,7,3
proyek-html-tim-proa-golang,2022-08-09,blob/main/profile.ardi.html,proyek-html-tim-proa-golang/profile.ardi.html at main · awang-karisma/proyek-...,11,3
proyek-html-tim-proa-golang,2022-08-09,blob/main/profile.awang.html,proyek-html-tim-proa-golang/profile.awang.html at main · awang-karisma/proyek...,2,2
proyek-html-tim-proa-golang,2022-08-09,blob/main/profile.dian.html,proyek-html-tim-proa-golang/profile.dian.html at main · awang-karisma/proyek-...,4,1
proyek-html-tim-proa-golang,2022-08-09,blob/main/profile.dony.html,proyek-html-tim-proa-golang/profile.dony.html at main · awang-karisma/proyek-...,3,2
proyek-html-tim-proa-golang,2022-08-09,branches,Branches · awang-karisma/proyek-html-tim-proa-golang,3,3
proyek-html-tim-proa-golang,2022-08-09,compare/main...pakdedony:proyek-html-tim-proa-golang:main,Comparing awang-karisma:main...pakdedony:main · awang-karisma/proyek-html-tim...,3,1
proyek-html-tim-proa-golang,2022-08-09,fork,Fork awang-karisma/proyek-html-tim-proa-golang,4,2
proyek-html-tim-proa-golang,2022-08-09,pulls,Pull requests · awang-karisma/proyek-html-tim-proa-golang,4,3
proyek-html-tim-proa-golang,2022-08-10,,awang-karisma/proyek-html-tim-proa-golang,42,8
proyek-html-tim-proa-golang,2022-08-10,blob/main/index.html,proyek-html-tim-proa-golang/index.html at main · awang-karisma/proyek-html-ti...,7,3
proyek-html-tim-proa-golang,2022-08-10,blob/main/profile.ardi.html,proyek-html-tim-proa-golang/profile.ardi.html at main · awang-karisma/proyek-...,11,3
proyek-html-tim-proa-golang,2022-08-10,blob/main/profile.awang.html,proyek-html-tim-proa-golang/profile.awang.html at main · awang-karisma/proyek...,2,2
proyek-html-tim-proa-golang,2022-08-10,blob/main/profile.dian.html,proyek-html-tim-proa-golang/profile.dian.html at main · awang-karisma/proyek-...,4,1
proyek-html-tim-proa-golang,2022-08-10,blob/main/profile.dony.html,proyek-html-tim-proa-golang/profile.dony.html at main · awang-karisma/proyek-...,3,2
proyek-html-tim-proa-golang,2022-08-10,branches,Branches · awang-karisma/proyek-html-tim-proa-golang,3,3
proyek-html-tim-proa-golang,2022-08-10,compare/main...pakdedony:proyek-html-tim-proa-golang:main,Comparing awang-karisma:main...pakdedony:main · awang-karisma/proyek-html-tim...,3,1
proyek-html-tim-proa-golang,2022-08-10,fork,Fork awang-karisma/proyek-html-tim-proa-golang,4,2
proyek-html-tim-proa-golang,2022-08-10,pulls,Pull requests · awang-karisma/proyek-html-tim-proa-golang,4,3
proyek-html-tim-proa-golang,2022-08-11,,awang-karisma/proyek-html-tim-proa-golang,33,9
proyek-html-tim-proa-golang,2022-08-11,blob/main/index.html,proyek-html-tim-proa-golang/index.html at main · awang-karisma/proyek-html-ti...,5,2
proyek-html-tim-proa-golang,2022-08-11,blob/main/profile.ardi.html,proyek-html-tim-proa-golang/profile.ardi.html at main · awang-karisma/proyek-...,11,3
proyek-html-tim-proa-golang,2022-08-11,blob/main/profile.awang.html,proyek-html-tim-proa-golang/profile.awang.html at main · awang-karisma/proyek...,2,2
proyek-html-tim-proa-golang,2022-08-11,blob/main/profile.dian.html,proyek-html-tim-proa-golang/profile.dian.html at main · awang-karisma/proyek-...,4,1
proyek-html-tim-proa-golang,2022-08-11,blob/main/profile.dony.html,proyek-html-tim-proa-golang/profile.dony.html at main · awang-karisma/proyek-...,3,2
proyek-html-tim-proa-golang,2022-08-11,branches,Branches · awang-karisma/proyek-html-tim-proa-golang,2,2
proyek-html-tim-proa-golang,2022-08-11,compare/main...pakdedony:proyek-html-tim-proa-golang:main,Comparing awang-karisma:main...pakdedony:main · awang-karisma/proyek-html-tim...,3,1
proyek-html-tim-proa-golang,2022-08-11,deployments/activity_log,Deployments · awang-karisma/proyek-html-tim-proa-golang,2,2
proyek-html-tim-proa-golang,2022-08-11,fork,Fork awang-karisma/proyek-html-tim-proa-golang,2,1
proyek-html-tim-proa-golang,2022-08-11,pulls,Pull requests · awang-karisma/proyek-html-tim-proa-golang,4,3
proyek-html-tim-proa-golang,2022-08-12,,awang-karisma/proyek-html-tim-proa-golang,13,6
proyek-html-tim-proa-golang,2022-08-12,blob/main/profile.ardi.html,proyek-html-tim-proa-golang/profile.ardi.html at main · awang-karisma/proyek-...,2,2
proyek-html-tim-proa-golang,2022-08-12,blob/main/profile.awang.html,proyek-html-tim-proa-golang/profile.awang.html at main · awang-karisma/proyek...,1,1
proyek-html-tim-proa-golang,2022-08-12,blob/main/profile.dian.html,proyek-html-tim-proa-golang/profile.dian.html at main · awang-karisma/proyek-...,1,1
proyek-html-tim-proa-golang,2022-08-12,blob/main/profile.dony.html,proyek-html-tim-proa-golang/profile.dony.html at main · awang-karisma/proyek-...,1,1
proyek-html-tim-proa-golang,2022-08-12,compare/main...pakdedony:proyek-html-tim-proa-golang:main,Comparing awang-karisma:main...pakdedony:main · awang-karisma/proyek-html-tim...,1,1
proyek-html-tim-proa-golang,2022-08-12,deployments/activity_log,Deployments · awang-karisma/proyek-html-tim-proa-golang,2,2
proyek-html-tim-proa-golang,2022-08-12,issues,Issues · awang-karisma/proyek-html-tim-proa-golang,3,1
proyek-html-tim-proa-golang,2022-08-12,labels,Labels · awang-karisma/proyek-html-tim-proa-golang,2,1
proyek-html-tim-proa-golang,2022-08-12,pull/2,Update profil by pakdedony · Pull Request #2 · awang-karisma/proyek-html-tim-...,1,1
proyek-html-tim-proa-golang,2022-08-12,pulls,Pull requests · awang-karisma/proyek-html-tim-proa-golang,3,2
proyek-html-tim-proa-golang,2022-08-12,runs/7581570557,pages build and deployment · awang-karisma/proyek-html-tim-proa-golang@1dc454a,1,1
proyek-html-tim-proa-golang,2022-08-13,,awang-karisma/proyek-html-tim-proa-golang,12,6
proyek-html-tim-proa-golang,2022-08-13,blob/main/profile.ardi.html,proyek-html-tim-proa-golang/profile.ardi.html at main · awang-karisma/proyek-...,2,2
proyek-html-tim-proa-golang,2022-08-13,blob/main/profile.awang.html,proyek-html-tim-proa-golang/profile.awang.html at main · awang-karisma/proyek...,1,1
proyek-html-tim-proa-golang,2022-08-13,blob/main/profile.dian.html,proyek-html-tim-proa-golang/profile.dian.html at main · awang-karisma/proyek-...,1,1
proyek-html-tim-proa-golang,2022-08-13,blob/main/profile.dony.html,proyek-html-tim-proa-golang/profile.dony.html at main · awang-karisma/proyek-...,1,1
proyek-html-tim-proa-golang,2022-08-13,compare/main...pakdedony:proyek-html-tim-proa-golang:main,Comparing awang-karisma:main...pakdedony:main · awang-karisma/proyek-html-tim...,1,1
proyek-html-tim-proa-golang,2022-08-13,deployments/activity_log,Deployments · awang-karisma/proyek-html-tim-proa-golang,2,2
proyek-html-tim-proa-golang,2022-08-13,issues,Issues · awang-karisma/proyek-html-tim-proa-golang,3,1
proyek-html-tim-proa-golang,2022-08-13,labels,Labels · awang-karisma/proyek-html-tim-proa-golang,2,1
proyek-html-tim-proa-golang,2022-08-13,pulls,Pull requests · awang-karisma/proyek-html-tim-proa-golang,2,1
proyek-html-tim-proa-golang,2022-08-14,,awang-karisma/proyek-html-tim-proa-golang,9,5
proyek-html-tim-proa-golang,2022-08-14,blob/main/profile.ardi.html,proyek-html-tim-proa-golang/profile.ardi.html at main · awang-karisma/proyek-...,2,2
proyek-html-tim-proa-golang,2022-08-14,blob/main/profile.awang.html,proyek-html-tim-proa-golang/profile.awang.html at main · awang-karisma/proyek...,1,1
proyek-html-tim-proa-golang,2022-08-14,blob/main/profile.dony.html,proyek-html-tim-proa-golang/profile.dony.html at main · awang-karisma/proyek-...,1,1
proyek-html-tim-proa-golang,2022-08-14,deployments/activity_log,Deployments · awang-karisma/proyek-html-tim-proa-golang,1,1
proyek-html-tim-proa-golang,2022-08-14,issues,Issues · awang-karisma/proyek-html-tim-proa-golang,3,1
proyek-html-tim-proa-golang,2022-08-14,labels,Labels · awang-karisma/proyek-html-tim-proa-golang,2,1
proyek-html-tim-proa-golang,2022-08-14,milestones,Milestones - awang-karisma/proyek-html-tim-proa-golang,1,1
proyek-html-tim-proa-golang,2022-08-14,pulls,Pull requests · awang-karisma/proyek-html-tim-proa-golang,1,1
proyek-html-tim-proa-golang,2022-08-15,,awang-karisma/proyek-html-tim-proa-golang,5,3
proyek-html-tim-proa-golang,2022-08-15,deployments/activity_log,Deployments · awang-karisma/proyek-html-tim-proa-golang,1,1
proyek-html-tim-proa-golang,2022-08-15,issues,Issues · awang-karisma/proyek-html-tim-proa-golang,3,1
proyek-html-tim-proa-golang,2022-08-15,labels,Labels · awang-karisma/proyek-html-tim-proa-golang,2,1
proyek-html-tim-proa-golang,2022-08-15,milestones,Milestones - awang-karisma/proyek-html-tim-proa-golang,1,1
proyek-html-tim-proa-golang,2022-08-15,pulls,Pull requests · awang-karisma/proyek-html-tim-proa-golang,1,1
proyek-html-tim-proa-golang,2022-08-16,,awang-karisma/proyek-html-tim-proa-golang,4,3
proyek-html-tim-proa-golang,2022-08-16,deployments/activity_log,Deployments · awang-karisma/proyek-html-tim-proa-golang,1,1
proyek-html-tim-proa-golang,2022-08-16,issues,Issues · awang-karisma/proyek-html-tim-proa-golang,3,1
proyek-html-tim-proa-golang,2022-08-16,labels,Labels · awang-karisma/proyek-html-tim-proa-golang,2,1
proyek-html-tim-proa-golang,2022-08-16,milestones,Milestones - awang-karisma/proyek-html-tim-proa-golang,1,1
proyek-html-tim-proa-golang,2022-08-16,pulls,Pull requests · awang-karisma/proyek-html-tim-proa-golang,1,1
proyek-html-tim-proa-golang,2022-08-17,,awang-karisma/proyek-html-tim-proa-golang,4,3
proyek-html-tim-proa-golang,2022-08-17,deployments/activity_log,Deployments · awang-karisma/proyek-html-tim-proa-golang,1,1
proyek-html-tim-proa-golang,2022-08-17,issues,Issues · awang-karisma/proyek-html-tim-proa-golang,3,1
proyek-html-tim-proa-golang,2022-08-17,labels,Labels · awang-karisma/proyek-html-tim-proa-golang,2,1
proyek-html-tim-proa-golang,2022-08-17,milestones,Milestones - awang-karisma/proyek-html-tim-proa-golang,1,1
proyek-html-tim-proa-golang,2022-08-17,pulls,Pull requests · awang-karisma/proyek-html-tim-proa-golang,1,1
proyek-html-tim-proa-golang,2022-08-18,,awang-karisma/proyek-html-tim-proa-golang,4,3
proyek-html-tim-proa-golang,2022-08-18,deployments/activity_log,Deployments · awang-karisma/proyek-html-tim-proa-golang,1,1
proyek-html-tim-proa-golang,2022-08-18,issues,Issues · awang-karisma/proyek-html-tim-proa-golang,3,1
proyek-html-tim-proa-golang,2022-08-18,labels,Labels · awang-karisma/proyek-html-tim-proa-golang,2,1
proyek-html-tim-proa-golang,2022-08-18,milestones,Milestones - awang-karisma/proyek-html-tim-proa-golang,1,1
proyek-html-tim-proa-golang,2022-08-18,pulls,Pull requests · awang-karisma/proyek-html-tim-proa-golang,1,1
simpletask-backend,2022-08-09,,awang-karisma/simpletask-backend,5,1
simpletask-backend,2022-08-09,blob/main/app.go,simpletask-backend/app.go at main · awang-karisma/simpletask-backend,2,1
simpletask-backend,2022-08-09,blob/main/handlers/task.go,simpletask-backend/task.go at main · awang-karisma/simpletask-backend,2,1
simpletask-backend,2022-08-09,blob/main/models/task.go,simpletask-backend/task.go at main · awang-karisma/simpletask-backend,2,1
simpletask-backend,2022-08-09,blob/main/public/index.html,simpletask-backend/index.html at main · awang-karisma/simpletask-backend,1,1
simpletask-backend,2022-08-09,tree/main/handlers,simpletask-backend/handlers at main · awang-karisma/simpletask-backend,2,1
simpletask-backend,2022-08-09,tree/main/models,simpletask-backend/models at main · awang-karisma/simpletask-backend,2,1
simpletask-backend,2022-08-09,tree/main/public,simpletask-backend/public at main · awang-karisma/simpletask-backend,1,1
simpletask-backend,2022-08-10,,awang-karisma/simpletask-backend,5,1
simpletask-backend,2022-08-10,blob/main/app.go,simpletask-backend/app.go at main · awang-karisma/simpletask-backend,2,1
simpletask-backend,2022-08-10,blob/main/handlers/task.go,simpletask-backend/task.go at main · awang-karisma/simpletask-backend,2,1
simpletask-backend,2022-08-10,blob/main/models/task.go,simpletask-backend/task.go at main · awang-karisma/simpletask-backend,2,1
simpletask-backend,2022-08-10,blob/main/public/index.html,simpletask-backend/index.html at main · awang-karisma/simpletask-backend,1,1
simpletask-backend,2022-08-10,tree/main/handlers,simpletask-backend/handlers at main · awang-karisma/simpletask-backend,2,1
simpletask-backend,2022-08-10,tree/main/models,simpletask-backend/models at main · awang-karisma/simpletask-backend,2,1
simpletask-backend,2022-08-10,tree/main/public,simpletask-backend/public at main · awang-karisma/simpletask-backend,1,1
simpletask-backend,2022-08-11,,awang-karisma/simpletask-backend,7,2
simpletask-backend,2022-08-11,blob/main/app.go,simpletask-backend/app.go at main · awang-karisma/simpletask-backend,3,2
simpletask-backend,2022-08-11,blob/main/handlers/task.go,simpletask-backend/task.go at main · awang-karisma/simpletask-backend,2,1
simpletask-backend,2022-08-11,blob/main/models/task.go,simpletask-backend/task.go at main · awang-karisma/simpletask-backend,2,1
simpletask-backend,2022-08-11,blob/main/public/index.html,simpletask-backend/index.html at main · awang-karisma/simpletask-backend,1,1
simpletask-backend,2022-08-11,commits,Commits · awang-karisma/simpletask-backend,1,1
simpletask-backend,2022-08-11,tree/main/handlers,simpletask-backend/handlers at main · awang-karisma/simpletask-backend,2,1
simpletask-backend,2022-08-11,tree/main/models,simpletask-backend/models at main · awang-karisma/simpletask-backend,2,1
simpletask-backend,2022-08-11,tree/main/public,simpletask-backend/public at main · awang-karisma/simpletask-backend,1,1
simpletask-backend,2022-08-12,,awang-karisma/simpletask-backend,7,2
simpletask-backend,2022-08-12,blob/main/app.go,simpletask-backend/app.go at main · awang-karisma/simpletask-backend,3,2
simpletask-backend,2022-08-12,blob/main/handlers/task.go,simpletask-backend/task.go at main · awang-karisma/simpletask-backend,2,1
simpletask-backend,2022-08-12,blob/main/models/task.go,simpletask-backend/task.go at main · awang-karisma/simpletask-backend,2,1
simpletask-backend,2022-08-12,blob/main/public/index.html,simpletask-backend/index.html at main · awang-karisma/simpletask-backend,1,1
simpletask-backend,2022-08-12,commits,Commits · awang-karisma/simpletask-backend,1,1
simpletask-backend,2022-08-12,tree/main/handlers,simpletask-backend/handlers at main · awang-karisma/simpletask-backend,2,1
simpletask-backend,2022-08-12,tree/main/models,simpletask-backend/models at main · awang-karisma/simpletask-backend,2,1
simpletask-backend,2022-08-12,tree/main/public,simpletask-backend/public at main · awang-karisma/simpletask-backend,1,1
simpletask-backend,2022-08-13,,awang-karisma/simpletask-backend,8,3
simpletask-backend,2022-08-13,blob/main/app.go,simpletask-backend/app.go at main · awang-karisma/simpletask-backend,3,2
simpletask-backend,2022-08-13,blob/main/handlers/task.go,simpletask-backend/task.go at main · awang-karisma/simpletask-backend,2,1
simpletask-backend,2022-08-13,blob/main/models/task.go,simpletask-backend/task.go at main · awang-karisma/simpletask-backend,2,1
simpletask-backend,2022-08-13,blob/main/public/index.html,simpletask-backend/index.html at main · awang-karisma/simpletask-backend,1,1
simpletask-backend,2022-08-13,commits,Commits · awang-karisma/simpletask-backend,1,1
simpletask-backend,2022-08-13,fork,Fork awang-karisma/simpletask-backend,1,1
simpletask-backend,2022-08-13,tree/main/handlers,simpletask-backend/handlers at main · awang-karisma/simpletask-backend,2,1
simpletask-backend,2022-08-13,tree/main/models,simpletask-backend/models at main · awang-karisma/simpletask-backend,2,1
simpletask-backend,2022-08-13,tree/main/public,simpletask-backend/public at main · awang-karisma/simpletask-backend,1,1
simpletask-backend,2022-08-14,,awang-karisma/simpletask-backend,8,3
simpletask-backend,2022-08-14,blob/main/app.go,simpletask-backend/app.go at main · awang-karisma/simpletask-backend,3,2
simpletask-backend,2022-08-14,blob/main/handlers/task.go,simpletask-backend/task.go at main · awang-karisma/simpletask-backend,2,1
simpletask-backend,2022-08-14,blob/main/models/task.go,simpletask-backend/task.go at main · awang-karisma/simpletask-backend,2,1
simpletask-backend,2022-08-14,blob/main/public/index.html,simpletask-backend/index.html at main · awang-karisma/simpletask-backend,1,1
simpletask-backend,2022-08-14,commits,Commits · awang-karisma/simpletask-backend,1,1
simpletask-backend,2022-08-14,fork,Fork awang-karisma/simpletask-backend,1,1
simpletask-backend,2022-08-14,tree/main/handlers,simpletask-backend/handlers at main · awang-karisma/simpletask-backend,2,1
simpletask-backend,2022-08-14,tree/main/models,simpletask-backend/models at main · awang-karisma/simpletask-backend,2,1
simpletask-backend,2022-08-14,tree/main/public,simpletask-backend/public at main · awang-karisma/simpletask-backend,1,1
simpletask-backend,2022-08-15,,awang-karisma/simpletask-backend,8,3
simpletask-backend,2022-08-15,blob/main/app.go,simpletask-backend/app.go at main · awang-karisma/simpletask-backend,3,2
simpletask-backend,2022-08-15,blob/main/handlers/task.go,simpletask-backend/task.go at main · awang-karisma/simpletask-backend,2,1
simpletask-backend,2022-08-15,blob/main/models/task.go,simpletask-backend/task.go at main · awang-karisma/simpletask-backend,2,1
simpletask-backend,2022-08-15,blob/main/public/index.html,simpletask-backend/index.html at main · awang-karisma/simpletask-backend,1,1
simpletask-backend,2022-08-15,commits,Commits · awang-karisma/simpletask-backend,1,1
simpletask-backend,2022-08-15,fork,Fork awang-karisma/simpletask-backend,1,1
simpletask-backend,2022-08-15,tree/main/handlers,simpletask-backend/handlers at main · awang-karisma/simpletask-backend,2,1
simpletask-backend,2022-08-15,tree/main/models,simpletask-backend/models at main · awang-karisma/simpletask-backend,2,1
simpletask-backend,2022-08-15,tree/main/public,simpletask-backend/public at main · awang-karisma/simpletask-backend,1,1
simpletask-backend,2022-08-16,,awang-karisma/simpletask-backend,8,3
simpletask-backend,2022-08-16,blob/main/app.go,simpletask-backend/app.go at main · awang-karisma/simpletask-backend,3,2
simpletask-backend,2022-08-16,blob/main/handlers/task.go,simpletask-backend/task.go at main · awang-karisma/simpletask-backend,2,1
simpletask-backend,2022-08-16,blob/main/models/task.go,simpletask-backend/task.go at main · awang-karisma/simpletask-backend,2,1
simpletask-backend,2022-08-16,blob/main/public/index.html,simpletask-backend/index.html at main · awang-karisma/simpletask-backend,1,1
simpletask-backend,2022-08-16,commits,Commits · awang-karisma/simpletask-backend,1,1
simpletask-backend,2022-08-16,fork,Fork awang-karisma/simpletask-backend,1,1
simpletask-backend,2022-08-16,tree/main/handlers,simpletask-backend/handlers at main · awang-karisma/simpletask-backend,2,1
simpletask-backend,2022-08-16,tree/main/models,simpletask-backend/models at main · awang-karisma/simpletask-backend,2,1
simpletask-backend,2022-08-16,tree/main/public,simpletask-backend/public at main · awang-karisma/simpletask-backend,1,1
simpletask-backend,2022-08-17,,awang-karisma/simpletask-backend,8,3
simpletask-backend,2022-08-17,blob/main/app.go,simpletask-backend/app.go at main · awang-karisma/simpletask-backend,3,2
simpletask-backend,2022-08-17,blob/main/handlers/task.go,simpletask-backend/task.go at main · awang-karisma/simpletask-backend,2,1
simpletask-backend,2022-08-17,blob/main/models/task.go,simpletask-backend/task.go at main · awang-karisma/simpletask-backend,2,1
simpletask-backend,2022-08-17,blob/main/public/index.html,simpletask-backend/index.html at main · awang-karisma/simpletask-backend,1,1
simpletask-backend,2022-08-17,commits,Commits · awang-karisma/simpletask-backend,1,1
simpletask-backend,2022-08-17,fork,Fork awang-karisma/simpletask-backend,1,1
simpletask-backend,2022-08-17,tree/main/handlers,simpletask-backend/handlers at main · awang-karisma/simpletask-backend,2,1
simpletask-backend,2022-08-17,tree/main/models,simpletask-backend/models at main · awang-karisma/simpletask-backend,2,1
simpletask-backend,2022-08-17,tree/main/public,simpletask-backend/public at main · awang-karisma/simpletask-backend,1,1
simpletask-backend,2022-08-18,,awang-karisma/simpletask-backend,8,3
simpletask-backend,2022-08-18,blob/main/app.go,simpletask-backend/app.go at main · awang-karisma/simpletask-backend,3,2
simpletask-backend,2022-08-18,blob/main/handlers/task.go,simpletask-backend/task.go at main · awang-karisma/simpletask-backend,2,1
simpletask-backend,2022-08-18,blob/main/models/task.go,simpletask-backend/task.go at main · awang-karisma/simpletask-backend,2,1
simpletask-backend,2022-08-18,blob/main/public/index.html,simpletask-backend/index.html at main · awang-karisma/simpletask-backend,1,1
simpletask-backend,2022-08-18,commits,Commits · awang-karisma/simpletask-backend,1,1
simpletask-backend,2022-08-18,fork,Fork awang-karisma/simpletask-backend,1,1
simpletask-backend,2022-08-18,tree/main/handlers,simpletask-backend/handlers at main · awang-karisma/simpletask-backend,2,1
simpletask-backend,2022-08-18,tree/main/models,simpletask-backend/models at main · awang-karisma/simpletask-backend,2,1
simpletask-backend,2022-08-18,tree/main/public,simpletask-backend/public at main · awang-karisma/simpletask-backend,1,1
simpletask-frontend,2022-08-08,,awang-karisma/simpletask-frontend,4,1
simpletask-frontend,2022-08-08,actions,Actions · awang-karisma/simpletask-frontend,2,1
simpletask-frontend,2022-08-08,actions/new,Actions · awang-karisma/simpletask-frontend,1,1
simpletask-frontend,2022-08-08,actions/runs/2812181324,Create main.yml · awang-karisma/simpletask-frontend@4dc2df7,1,1
simpletask-frontend,2022-08-08,actions/runs/2812181324/workflow,Create main.yml · awang-karisma/simpletask-frontend@4dc2df7,3,1
simpletask-frontend,2022-08-08,actions/runs/2812190980,Update main.yml · awang-karisma/simpletask-frontend@af66895,1,1
simpletask-frontend,2022-08-08,actions/workflows/main.yml,Actions · awang-karisma/simpletask-frontend,2,1
simpletask-frontend,2022-08-08,new/main,New File,3,1
simpletask-frontend,2022-08-08,tree/gh-pages,awang-karisma/simpletask-frontend at gh-pages,3,1
simpletask-frontend,2022-08-08,tree/gh-pages/client,simpletask-frontend/client at gh-pages · awang-karisma/simpletask-frontend,2,1
simpletask-frontend,2022-08-09,,awang-karisma/simpletask-frontend,8,2
simpletask-frontend,2022-08-09,actions,Actions · awang-karisma/simpletask-frontend,2,1
simpletask-frontend,2022-08-09,actions/new,Actions · awang-karisma/simpletask-frontend,1,1
simpletask-frontend,2022-08-09,actions/runs/2812181324,Create main.yml · awang-karisma/simpletask-frontend@4dc2df7,1,1
simpletask-frontend,2022-08-09,actions/runs/2812181324/workflow,Create main.yml · awang-karisma/simpletask-frontend@4dc2df7,3,1
simpletask-frontend,2022-08-09,actions/runs/2812190980,Update main.yml · awang-karisma/simpletask-frontend@af66895,1,1
simpletask-frontend,2022-08-09,actions/workflows/main.yml,Actions · awang-karisma/simpletask-frontend,2,1
simpletask-frontend,2022-08-09,blob/main/.github/workflows/main.yml,simpletask-frontend/main.yml at main · awang-karisma/simpletask-frontend,2,2
simpletask-frontend,2022-08-09,new/main,New File,3,1
simpletask-frontend,2022-08-09,tree/gh-pages,awang-karisma/simpletask-frontend at gh-pages,4,1
simpletask-frontend,2022-08-09,tree/gh-pages/client,simpletask-frontend/client at gh-pages · awang-karisma/simpletask-frontend,2,1
simpletask-frontend,2022-08-09,tree/main/.github/workflows,simpletask-frontend/.github/workflows at main · awang-karisma/simpletask-fron...,2,2
simpletask-frontend,2022-08-09,tree/main/src/routes,simpletask-frontend/src/routes at main · awang-karisma/simpletask-frontend,2,1
simpletask-frontend,2022-08-10,,awang-karisma/simpletask-frontend,8,2
simpletask-frontend,2022-08-10,actions,Actions · awang-karisma/simpletask-frontend,2,1
simpletask-frontend,2022-08-10,actions/runs/2812181324/workflow,Create main.yml · awang-karisma/simpletask-frontend@4dc2df7,3,1
simpletask-frontend,2022-08-10,actions/workflows/main.yml,Actions · awang-karisma/simpletask-frontend,2,1
simpletask-frontend,2022-08-10,blob/main/.github/workflows/main.yml,simpletask-frontend/main.yml at main · awang-karisma/simpletask-frontend,2,2
simpletask-frontend,2022-08-10,new/main,New File,3,1
simpletask-frontend,2022-08-10,tree/gh-pages,awang-karisma/simpletask-frontend at gh-pages,4,1
simpletask-frontend,2022-08-10,tree/gh-pages/client,simpletask-frontend/client at gh-pages · awang-karisma/simpletask-frontend,2,1
simpletask-frontend,2022-08-10,tree/main/.github/workflows,simpletask-frontend/.github/workflows at main · awang-karisma/simpletask-fron...,2,2
simpletask-frontend,2022-08-10,tree/main/src/routes,simpletask-frontend/src/routes at main · awang-karisma/simpletask-frontend,2,1
simpletask-frontend,2022-08-11,,awang-karisma/simpletask-frontend,10,3
simpletask-frontend,2022-08-11,actions,Actions · awang-karisma/simpletask-frontend,2,1
simpletask-frontend,2022-08-11,actions/runs/2812181324/workflow,Create main.yml · awang-karisma/simpletask-frontend@4dc2df7,3,1
simpletask-frontend,2022-08-11,actions/workflows/main.yml,Actions · awang-karisma/simpletask-frontend,2,1
simpletask-frontend,2022-08-11,blob/main/.github/workflows/main.yml,simpletask-frontend/main.yml at main · awang-karisma/simpletask-frontend,2,2
simpletask-frontend,2022-08-11,new/main,New File,3,1
simpletask-frontend,2022-08-11,tree/gh-pages,awang-karisma/simpletask-frontend at gh-pages,4,1
simpletask-frontend,2022-08-11,tree/gh-pages/client,simpletask-frontend/client at gh-pages · awang-karisma/simpletask-frontend,2,1
simpletask-frontend,2022-08-11,tree/main/.github/workflows,simpletask-frontend/.github/workflows at main · awang-karisma/simpletask-fron...,2,2
simpletask-frontend,2022-08-11,tree/main/src/routes,simpletask-frontend/src/routes at main · awang-karisma/simpletask-frontend,2,1
simpletask-frontend,2022-08-12,,awang-karisma/simpletask-frontend,10,3
simpletask-frontend,2022-08-12,actions,Actions · awang-karisma/simpletask-frontend,2,1
simpletask-frontend,2022-08-12,actions/runs/2812181324/workflow,Create main.yml · awang-karisma/simpletask-frontend@4dc2df7,3,1
simpletask-frontend,2022-08-12,actions/workflows/main.yml,Actions · awang-karisma/simpletask-frontend,2,1
simpletask-frontend,2022-08-12,blob/main/.github/workflows/main.yml,simpletask-frontend/main.yml at main · awang-karisma/simpletask-frontend,2,2
simpletask-frontend,2022-08-12,new/main,New File,3,1
simpletask-frontend,2022-08-12,tree/gh-pages,awang-karisma/simpletask-frontend at gh-pages,4,1
simpletask-frontend,2022-08-12,tree/gh-pages/client,simpletask-frontend/client at gh-pages · awang-karisma/simpletask-frontend,2,1
simpletask-frontend,2022-08-12,tree/main/.github/workflows,simpletask-frontend/.github/workflows at main · awang-karisma/simpletask-fron...,2,2
simpletask-frontend,2022-08-12,tree/main/src/routes,simpletask-frontend/src/routes at main · awang-karisma/simpletask-frontend,2,1
simpletask-frontend,2022-08-13,,GitHub - awang-karisma/simpletask-frontend,14,5
simpletask-frontend,2022-08-13,actions,Actions · awang-karisma/simpletask-frontend,2,1
simpletask-frontend,2022-08-13,actions/runs/2812181324/workflow,Create main.yml · awang-karisma/simpletask-frontend@4dc2df7,3,1
simpletask-frontend,2022-08-13,actions/workflows/main.yml,Actions · awang-karisma/simpletask-frontend,2,1
simpletask-frontend,2022-08-13,blob/main/.github/workflows/main.yml,simpletask-frontend/main.yml at main · awang-karisma/simpletask-frontend,2,2
simpletask-frontend,2022-08-13,new/main,New File,3,1
simpletask-frontend,2022-08-13,tree/gh-pages,awang-karisma/simpletask-frontend at gh-pages,4,1
simpletask-frontend,2022-08-13,tree/gh-pages/client,simpletask-frontend/client at gh-pages · awang-karisma/simpletask-frontend,2,1
simpletask-frontend,2022-08-13,tree/main/.github/workflows,simpletask-frontend/.github/workflows at main · awang-karisma/simpletask-fron...,2,2
simpletask-frontend,2022-08-13,tree/main/src/routes,simpletask-frontend/src/routes at main · awang-karisma/simpletask-frontend,2,1
simpletask-frontend,2022-08-14,,GitHub - awang-karisma/simpletask-frontend,14,5
simpletask-frontend,2022-08-14,actions,Actions · awang-karisma/simpletask-frontend,2,1
simpletask-frontend,2022-08-14,actions/runs/2812181324/workflow,Create main.yml · awang-karisma/simpletask-frontend@4dc2df7,3,1
simpletask-frontend,2022-08-14,actions/workflows/main.yml,Actions · awang-karisma/simpletask-frontend,2,1
simpletask-frontend,2022-08-14,blob/main/.github/workflows/main.yml,simpletask-frontend/main.yml at main · awang-karisma/simpletask-frontend,2,2
simpletask-frontend,2022-08-14,new/main,New File,3,1
simpletask-frontend,2022-08-14,tree/gh-pages,awang-karisma/simpletask-frontend at gh-pages,4,1
simpletask-frontend,2022-08-14,tree/gh-pages/client,simpletask-frontend/client at gh-pages · awang-karisma/simpletask-frontend,2,1
simpletask-frontend,2022-08-14,tree/main/.github/workflows,simpletask-frontend/.github/workflows at main · awang-karisma/simpletask-fron...,2,2
simpletask-frontend,2022-08-14,tree/main/src/routes,simpletask-frontend/src/routes at main · awang-karisma/simpletask-frontend,2,1
simpletask-frontend,2022-08-15,,GitHub - awang-karisma/simpletask-frontend,14,5
simpletask-frontend,2022-08-15,actions,Actions · awang-karisma/simpletask-frontend,2,1
simpletask-frontend,2022-08-15,actions/runs/2812181324/workflow,Create main.yml · awang-karisma/simpletask-frontend@4dc2df7,3,1
simpletask-frontend,2022-08-15,actions/workflows/main.yml,Actions · awang-karisma/simpletask-frontend,2,1
simpletask-frontend,2022-08-15,blob/main/.github/workflows/main.yml,simpletask-frontend/main.yml at main · awang-karisma/simpletask-frontend,2,2
simpletask-frontend,2022-08-15,new/main,New File,3,1
simpletask-frontend,2022-08-15,tree/gh-pages,awang-karisma/simpletask-frontend at gh-pages,4,1
simpletask-frontend,2022-08-15,tree/gh-pages/client,simpletask-frontend/client at gh-pages · awang-karisma/simpletask-frontend,2,1
simpletask-frontend,2022-08-15,tree/main/.github/workflows,simpletask-frontend/.github/workflows at main · awang-karisma/simpletask-fron...,2,2
simpletask-frontend,2022-08-15,tree/main/src/routes,simpletask-frontend/src/routes at main · awang-karisma/simpletask-frontend,2,1
simpletask-frontend,2022-08-16,,GitHub - awang-karisma/simpletask-frontend,14,5
simpletask-frontend,2022-08-16,actions,Actions · awang-karisma/simpletask-frontend,2,1
simpletask-frontend,2022-08-16,actions/runs/2812181324/workflow,Create main.yml · awang-karisma/simpletask-frontend@4dc2df7,3,1
simpletask-frontend,2022-08-16,actions/workflows/main.yml,Actions · awang-karisma/simpletask-frontend,2,1
simpletask-frontend,2022-08-16,blob/main/.github/workflows/main.yml,simpletask-frontend/main.yml at main · awang-karisma/simpletask-frontend,2,2
simpletask-frontend,2022-08-16,new/main,New File,3,1
simpletask-frontend,2022-08-16,tree/gh-pages,awang-karisma/simpletask-frontend at gh-pages,4,1
simpletask-frontend,2022-08-16,tree/gh-pages/client,simpletask-frontend/client at gh-pages · awang-karisma/simpletask-frontend,2,1
simpletask-frontend,2022-08-16,tree/main/.github/workflows,simpletask-frontend/.github/workflows at main · awang-karisma/simpletask-fron...,2,2
simpletask-frontend,2022-08-16,tree/main/src/routes,simpletask-frontend/src/routes at main · awang-karisma/simpletask-frontend,2,1
simpletask-frontend,2022-08-17,,GitHub - awang-karisma/simpletask-frontend,14,5
simpletask-frontend,2022-08-17,actions,Actions · awang-karisma/simpletask-frontend,2,1
simpletask-frontend,2022-08-17,actions/runs/2812181324/workflow,Create main.yml · awang-karisma/simpletask-frontend@4dc2df7,3,1
simpletask-frontend,2022-08-17,actions/workflows/main.yml,Actions · awang-karisma/simpletask-frontend,2,1
simpletask-frontend,2022-08-17,blob/main/.github/workflows/main.yml,simpletask-frontend/main.yml at main · awang-karisma/simpletask-frontend,2,2
simpletask-frontend,2022-08-17,new/main,New File,3,1
simpletask-frontend,2022-08-17,tree/gh-pages,awang-karisma/simpletask-frontend at gh-pages,4,1
simpletask-frontend,2022-08-17,tree/gh-pages/client,simpletask-frontend/client at gh-pages · awang-karisma/simpletask-frontend,2,1
simpletask-frontend,2022-08-17,tree/main/.github/workflows,simpletask-frontend/.github/workflows at main · awang-karisma/simpletask-fron...,2,2
simpletask-frontend,2022-08-17,tree/main/src/routes,simpletask-frontend/src/routes at main · awang-karisma/simpletask-frontend,2,1
simpletask-frontend,2022-08-18,,GitHub - awang-karisma/simpletask-frontend,14,5
simpletask-frontend,2022-08-18,actions,Actions · awang-karisma/simpletask-frontend,2,1
simpletask-frontend,2022-08-18,actions/runs/2812181324/workflow,Create main.yml · awang-karisma/simpletask-frontend@4dc2df7,3,1
simpletask-frontend,2022-08-18,actions/workflows/main.yml,Actions · awang-karisma/simpletask-frontend,2,1
simpletask-frontend,2022-08-18,blob/main/.github/workflows/main.yml,simpletask-frontend/main.yml at main · awang-karisma/simpletask-frontend,2,2
simpletask-frontend,2022-08-18,new/main,New File,3,1
simpletask-frontend,2022-08-18,tree/gh-pages,awang-karisma/simpletask-frontend at gh-pages,4,1
simpletask-frontend,2022-08-18,tree/gh-pages/client,simpletask-frontend/client at gh-pages · awang-karisma/simpletask-frontend,2,1
simpletask-frontend,2022-08-18,tree/main/.github/workflows,simpletask-frontend/.github/workflows at main · awang-karisma/simpletask-fron...,2,2
simpletask-frontend,2022-08-18,tree/main/src/routes,simpletask-frontend/src/routes at main · awang-karisma/simpletask-frontend,2,1
