repository_name,date,site,views,unique
awang-karisma.github.io,2022-08-02,github.com,4,1
awang-karisma.github.io,2022-08-03,github.com,4,1
awang-karisma.github.io,2022-08-04,github.com,6,2
awang-karisma.github.io,2022-08-05,github.com,6,2
awang-karisma.github.io,2022-08-06,github.com,6,2
awang-karisma.github.io,2022-08-07,github.com,6,2
awang-karisma.github.io,2022-08-08,github.com,6,2
awang-karisma.github.io,2022-08-09,github.com,6,2
awang-karisma.github.io,2022-08-10,github.com,6,2
awang-karisma.github.io,2022-08-11,github.com,6,2
awang-karisma.github.io,2022-08-12,github.com,4,2
awang-karisma.github.io,2022-08-13,github.com,5,3
awang-karisma.github.io,2022-08-14,github.com,5,3
awang-karisma.github.io,2022-08-15,github.com,5,3
awang-karisma.github.io,2022-08-16,github.com,5,3
awang-karisma.github.io,2022-08-17,github.com,3,2
awang-karisma.github.io,2022-08-18,github.com,3,2
awang-karisma.github.io,2022-08-19,github.com,3,2
awang-karisma.github.io,2022-08-20,github.com,3,2
awang-karisma.github.io,2022-08-21,github.com,3,2
awang-karisma.github.io,2022-08-22,github.com,3,2
awang-karisma.github.io,2022-08-23,github.com,3,2
awang-karisma.github.io,2022-08-24,github.com,3,2
awang-karisma.github.io,2022-08-25,github.com,1,1
blog,2022-08-05,github.com,4,1
blog,2022-08-06,github.com,4,1
blog,2022-08-07,github.com,4,1
blog,2022-08-08,github.com,4,1
blog,2022-08-09,github.com,4,1
blog,2022-08-10,github.com,4,1
blog,2022-08-11,github.com,4,1
blog,2022-08-12,github.com,4,1
blog,2022-08-13,github.com,4,1
blog,2022-08-14,github.com,4,1
blog,2022-08-15,github.com,4,1
blog,2022-08-16,github.com,4,1
blog,2022-08-17,github.com,4,1
github-stats,2022-08-04,DuckDuckGo,1,1
github-stats,2022-08-05,DuckDuckGo,1,1
github-stats,2022-08-05,github.com,1,1
github-stats,2022-08-06,DuckDuckGo,1,1
github-stats,2022-08-06,github.com,1,1
github-stats,2022-08-07,DuckDuckGo,1,1
github-stats,2022-08-07,github.com,1,1
github-stats,2022-08-08,DuckDuckGo,1,1
github-stats,2022-08-08,github.com,1,1
github-stats,2022-08-09,DuckDuckGo,1,1
github-stats,2022-08-09,github.com,1,1
github-stats,2022-08-10,DuckDuckGo,1,1
github-stats,2022-08-10,github.com,1,1
github-stats,2022-08-11,DuckDuckGo,1,1
github-stats,2022-08-11,Google,2,1
github-stats,2022-08-11,github.com,3,2
github-stats,2022-08-12,DuckDuckGo,1,1
github-stats,2022-08-12,Google,2,1
github-stats,2022-08-12,github.com,3,2
github-stats,2022-08-13,DuckDuckGo,1,1
github-stats,2022-08-13,Google,2,1
github-stats,2022-08-13,github.com,3,2
github-stats,2022-08-14,DuckDuckGo,1,1
github-stats,2022-08-14,Google,2,1
github-stats,2022-08-14,github.com,3,2
github-stats,2022-08-15,DuckDuckGo,1,1
github-stats,2022-08-15,Google,2,1
github-stats,2022-08-15,github.com,3,2
github-stats,2022-08-16,DuckDuckGo,1,1
github-stats,2022-08-16,Google,2,1
github-stats,2022-08-16,github.com,3,2
github-stats,2022-08-17,Google,2,1
github-stats,2022-08-17,github.com,3,2
github-stats,2022-08-18,Google,2,1
github-stats,2022-08-18,github.com,2,1
github-stats,2022-08-19,Google,2,1
github-stats,2022-08-19,github.com,2,1
github-stats,2022-08-20,Google,2,1
github-stats,2022-08-20,github.com,2,1
github-stats,2022-08-21,Google,2,1
github-stats,2022-08-21,github.com,3,2
github-stats,2022-08-22,Google,2,1
github-stats,2022-08-22,github.com,3,2
github-stats,2022-08-23,Google,2,1
github-stats,2022-08-23,github.com,3,2
github-stats,2022-08-24,github.com,1,1
github-stats,2022-08-25,github.com,1,1
github-stats,2022-08-26,github.com,1,1
github-stats,2022-08-27,github.com,1,1
miniproject-proa-golang,2022-08-05,github.com,2,1
miniproject-proa-golang,2022-08-06,github.com,2,1
miniproject-proa-golang,2022-08-07,github.com,2,1
proyek-html-tim-proa-golang,2022-08-02,github.com,46,2
proyek-html-tim-proa-golang,2022-08-03,github.com,47,2
proyek-html-tim-proa-golang,2022-08-04,github.com,47,2
proyek-html-tim-proa-golang,2022-08-05,github.com,47,2
proyek-html-tim-proa-golang,2022-08-06,github.com,47,2
proyek-html-tim-proa-golang,2022-08-07,github.com,47,2
proyek-html-tim-proa-golang,2022-08-08,github.com,48,3
proyek-html-tim-proa-golang,2022-08-09,github.com,48,3
proyek-html-tim-proa-golang,2022-08-10,github.com,48,3
proyek-html-tim-proa-golang,2022-08-11,github.com,41,4
proyek-html-tim-proa-golang,2022-08-12,github.com,16,3
proyek-html-tim-proa-golang,2022-08-13,github.com,16,3
proyek-html-tim-proa-golang,2022-08-14,github.com,13,3
proyek-html-tim-proa-golang,2022-08-15,github.com,12,3
proyek-html-tim-proa-golang,2022-08-16,github.com,11,3
proyek-html-tim-proa-golang,2022-08-17,github.com,11,3
proyek-html-tim-proa-golang,2022-08-18,github.com,11,3
proyek-html-tim-proa-golang,2022-08-19,github.com,11,3
proyek-html-tim-proa-golang,2022-08-20,github.com,11,3
proyek-html-tim-proa-golang,2022-08-21,github.com,10,2
proyek-html-tim-proa-golang,2022-08-22,github.com,10,2
proyek-html-tim-proa-golang,2022-08-23,github.com,10,2
proyek-html-tim-proa-golang,2022-08-24,github.com,9,1
simpletask-frontend,2022-08-08,github.com,3,1
simpletask-frontend,2022-08-09,github.com,3,1
simpletask-frontend,2022-08-10,github.com,3,1
simpletask-frontend,2022-08-11,github.com,3,1
simpletask-frontend,2022-08-12,github.com,3,1
simpletask-frontend,2022-08-13,github.com,5,2
simpletask-frontend,2022-08-14,github.com,5,2
simpletask-frontend,2022-08-15,github.com,5,2
simpletask-frontend,2022-08-16,github.com,5,2
simpletask-frontend,2022-08-17,github.com,5,2
simpletask-frontend,2022-08-18,github.com,5,2
simpletask-frontend,2022-08-19,github.com,5,2
simpletask-frontend,2022-08-20,github.com,5,2
simpletask-frontend,2022-08-21,github.com,2,1
simpletask-frontend,2022-08-22,github.com,2,1
simpletask-frontend,2022-08-23,github.com,2,1
simpletask-frontend,2022-08-24,github.com,2,1
simpletask-frontend,2022-08-25,github.com,2,1
